DescriptionOfEvent,nfr_taxonomy,Date,Amount,Location,BusinessUnit,ai_summary,ai_key_points,ai_risk_level,ai_impact_assessment
Unauthorized access to customer database due to weak password policy in London branch,Cyber Security,2024-01-15,250000,London,Retail Banking,"An unauthorized access incident occurred at the London branch due to a weak password policy, compromising the customer database. This highlights significant vulnerabilities in the organization's cyber security measures.",Unauthorized access to customer database.; Weak password policy identified as a primary risk factor.; Incident occurred at the London branch.,High,"The breach could lead to data theft, loss of customer trust, and potential regulatory penalties. It is recommended to implement a stronger password policy, conduct regular security audits, and provide employee training on cyber security best practices."
Trading system malfunction resulted in incorrect trade execution and client losses,Technology Risk,2024-02-03,500000,New York,Investment Banking,"A trading system malfunction led to incorrect trade executions, resulting in significant client losses. This incident highlights vulnerabilities in technology risk management within trading operations.",Trading system malfunction caused incorrect trade executions.; Client losses were incurred due to the malfunction.; Event falls under the Technology Risk category.,High,"The malfunction poses a high risk due to potential financial losses for clients and reputational damage for the firm. It is recommended to conduct a thorough investigation of the trading system, implement robust testing protocols, and enhance monitoring systems to prevent future occurrences."
Employee fraud involving manipulation of client account balances over 6 months,Internal Fraud,2024-01-22,75000,Singapore,Wealth Management,The event involves employee fraud where an individual manipulated client account balances over a period of six months. This internal fraud raises significant concerns regarding operational integrity and trust in the organization.,Fraud involved manipulation of client account balances.; Duration of the fraudulent activity was six months.; Categorized under Internal Fraud in non-financial risk taxonomy.,High,"The potential impact includes financial losses, reputational damage, and regulatory scrutiny. It is recommended to enhance internal controls, conduct thorough audits, and implement employee training programs to prevent future occurrences."
Data breach affecting 10000 customer records due to unpatched security vulnerability,Cyber Security,2024-03-10,180000,Zurich,Technology,"A data breach occurred affecting 10,000 customer records due to an unpatched security vulnerability. This incident highlights significant weaknesses in the organization's cyber security measures.","Data breach involved 10,000 customer records.; Cause identified as an unpatched security vulnerability.; Event categorized under Cyber Security in non-financial risk taxonomy.",High,"The breach poses serious risks including potential identity theft, loss of customer trust, and regulatory penalties. Immediate actions should include patching vulnerabilities, notifying affected customers, and reviewing security protocols to prevent future incidents."
Operational error in derivatives pricing model led to significant mark-to-market losses,Model Risk,2024-02-28,320000,London,Investment Banking,"An operational error in a derivatives pricing model resulted in substantial mark-to-market losses, indicating a significant lapse in model governance and validation processes. This incident highlights vulnerabilities in the risk management framework related to model risk.",Operational error in derivatives pricing model; Significant mark-to-market losses incurred; Indicates weaknesses in model governance; Highlights the importance of robust validation processes; Falls under the category of Model Risk,High,"The incident poses a high risk due to potential financial losses and reputational damage. It is crucial to enhance model validation and governance frameworks, implement regular audits, and provide training to staff on model risk management to mitigate future occurrences."
Regulatory fine for inadequate AML controls and suspicious transaction monitoring,Regulatory Compliance,2024-01-30,450000,Frankfurt,Compliance,The event involves a regulatory fine imposed due to inadequate Anti-Money Laundering (AML) controls and ineffective monitoring of suspicious transactions. This highlights significant deficiencies in compliance with regulatory standards.,Regulatory fine indicates serious compliance failures.; Inadequate AML controls can lead to increased risk of financial crime.; Suspicious transaction monitoring deficiencies raise concerns about operational effectiveness.,High,"The regulatory fine can lead to financial losses, reputational damage, and increased scrutiny from regulators. It is recommended to enhance AML controls, improve transaction monitoring systems, and conduct regular compliance training to mitigate future risks."
Third-party vendor security incident exposing confidential client information,Third Party Risk,2024-03-05,95000,Hong Kong,Operations,A third-party vendor experienced a security incident that led to the exposure of confidential client information. This breach raises significant concerns regarding data protection and the reliability of third-party vendors.,Incident involved a third-party vendor.; Confidential client information was exposed.; Highlights vulnerabilities in third-party risk management.,High,"The exposure of confidential information can lead to reputational damage, regulatory penalties, and loss of client trust. It is recommended to conduct a thorough investigation of the vendor's security practices, enhance due diligence processes, and implement stronger contractual protections regarding data security."
Trading floor power outage causing system downtime and missed trading opportunities,Business Continuity,2024-02-14,125000,Tokyo,Trading,"A power outage on the trading floor resulted in significant system downtime, leading to missed trading opportunities and potential financial losses. This incident highlights vulnerabilities in business continuity planning.",Power outage caused system downtime on the trading floor.; Missed trading opportunities due to lack of operational continuity.; Event falls under the Business Continuity risk taxonomy.,High,"The power outage could lead to substantial financial losses due to missed trades and decreased market competitiveness. It is recommended to enhance backup power systems, conduct regular drills for business continuity, and implement robust contingency plans to mitigate future risks."
Incorrect interest rate calculation affecting mortgage customers due to system bug,Technology Risk,2024-01-18,210000,Sydney,Retail Banking,"A system bug led to incorrect interest rate calculations for mortgage customers, potentially resulting in financial losses and customer dissatisfaction. This event highlights vulnerabilities in technology risk management.",Incorrect interest rate calculations due to a system bug.; Affected mortgage customers may face financial discrepancies.; Highlights the importance of robust technology risk management.,High,"The potential impact includes financial losses for customers and reputational damage for the institution. It is recommended to conduct a thorough investigation of the system bug, implement corrective measures, and enhance monitoring processes to prevent future occurrences."
Money laundering scheme discovered in private banking division with client involvement,Internal Fraud,2024-03-01,600000,Geneva,Private Banking,"A money laundering scheme was uncovered within the private banking division, implicating client involvement. This incident highlights significant vulnerabilities in internal controls and client due diligence processes.",Discovery of a money laundering scheme in private banking.; Involvement of clients raises concerns about due diligence.; Internal fraud taxonomy indicates a breach of operational integrity.,High,"The potential impact includes reputational damage, regulatory scrutiny, and financial penalties. It is recommended to enhance client verification processes, strengthen internal controls, and conduct thorough training for staff on compliance and fraud detection."
Market data feed failure resulting in delayed trade settlements and client complaints,Technology Risk,2024-02-20,85000,London,Trading,"The market data feed failure led to delayed trade settlements, causing dissatisfaction among clients and operational disruptions. This incident highlights vulnerabilities in technology infrastructure that can significantly impact trading operations.",Market data feed failure caused operational delays.; Delayed trade settlements resulted in client complaints.; Incident falls under Technology Risk category.,High,"The failure of the market data feed poses a high risk due to potential financial losses from delayed trades and reputational damage from client dissatisfaction. It is recommended to enhance monitoring systems, implement redundancy for critical data feeds, and conduct a thorough review of technology infrastructure to prevent future occurrences."
Compliance officer discovered unreported conflicts of interest in investment advisory,Regulatory Compliance,2024-01-25,35000,New York,Investment Advisory,"A compliance officer identified unreported conflicts of interest within the investment advisory sector, raising concerns about regulatory adherence and ethical standards. This oversight could lead to significant reputational damage and regulatory penalties.",Unreported conflicts of interest discovered by compliance officer; Event falls under Regulatory Compliance taxonomy; Potential for regulatory penalties and reputational damage; Impacts ethical standards in investment advisory; Need for improved monitoring and reporting mechanisms,High,"The discovery of unreported conflicts of interest poses a high risk to the organization, potentially leading to regulatory fines, legal repercussions, and loss of client trust. It is recommended to enhance compliance training, implement stricter reporting protocols, and conduct regular audits to mitigate future risks."
Cyber attack on mobile banking platform causing service disruption for 48 hours,Cyber Security,2024-03-08,275000,Dublin,Digital Banking,"A cyber attack on a mobile banking platform resulted in a service disruption lasting 48 hours, affecting customer access and operations. This incident highlights vulnerabilities in cyber security measures.",Cyber attack led to a 48-hour service disruption.; Impact on customer access to banking services.; Highlights vulnerabilities in cyber security protocols.,High,"The disruption could lead to significant customer dissatisfaction, potential financial losses, and reputational damage. It is recommended to enhance cyber security measures, conduct a thorough risk assessment, and implement a robust incident response plan."
Accounting error in quarterly reporting requiring restatement of financial results,Financial Reporting,2024-02-10,150000,Zurich,Finance,The event involves an accounting error in quarterly reporting that necessitated a restatement of financial results. This type of error can significantly undermine stakeholder trust and regulatory compliance.,Accounting error led to restatement of financial results.; Impacts financial reporting accuracy and stakeholder trust.; Falls under the Financial Reporting non-financial risk taxonomy.,High,"The implications of this error are severe, potentially leading to regulatory scrutiny, loss of investor confidence, and reputational damage. It is recommended to implement stronger internal controls, conduct regular audits, and provide training for accounting staff to mitigate future risks."
Credit risk model validation identified significant bias in default probability calculations,Model Risk,2024-01-12,390000,London,Risk Management,"The credit risk model validation revealed a significant bias in the calculations of default probabilities, indicating potential inaccuracies in risk assessments. This bias could lead to misinformed decision-making and increased exposure to credit risk.",Significant bias identified in default probability calculations.; Potential inaccuracies in credit risk assessments.; Implications for decision-making and risk exposure.,High,"The identified bias in the credit risk model could lead to substantial financial losses and regulatory scrutiny. It is crucial to recalibrate the model, conduct thorough validations, and implement robust governance frameworks to mitigate future risks."
